{"cameraMode":{"drawMode":0,"name":"Shaded","section":"Shading Mode"},"sceneLighting":true,"audioPlay":false,"sceneViewState":{"m_AlwaysRefresh":false,"showFog":true,"showSkybox":true,"showFlares":true,"showImageEffects":true,"showParticleSystems":true,"showVisualEffectGraphs":true,"m_FxEnabled":true},"in2DMode":false,"pivot":{"x":43.52189636230469,"y":65.77047729492188,"z":-0.5496557354927063},"rotation":{"x":0.15569886565208436,"y":-0.22254812717437745,"z":0.03603029623627663,"w":0.961742639541626},"size":57.161903381347659,"orthographic":true}